{"cameraMode":{"drawMode":0,"name":"Shaded","section":"Shading Mode"},"sceneLighting":true,"audioPlay":false,"sceneViewState":{"m_AlwaysRefresh":false,"showFog":true,"showSkybox":true,"showFlares":true,"showImageEffects":true,"showParticleSystems":true,"showVisualEffectGraphs":true,"m_FxEnabled":true},"in2DMode":false,"pivot":{"x":486.5718688964844,"y":10.914508819580079,"z":981.4908447265625},"rotation":{"x":0.11049012839794159,"y":0.8683430552482605,"z":-0.22386188805103303,"w":0.42858371138572695},"size":19.67604637145996,"orthographic":false}